<?xml version="1.0" encoding="utf-8" ?>
<dwsync>
<file name="1.jpg" server="F:/Dreamweaver work/event/" local="131412921265586341" remote="131412921260000000" />
<file name="2.jpg" server="F:/Dreamweaver work/event/" local="131412922453656881" remote="131412922450000000" />
<file name="3.jpg" server="F:/Dreamweaver work/event/" local="131412928812500031" remote="131412928810000000" />
<file name="4.jpg" server="F:/Dreamweaver work/event/" local="131412935674300849" remote="131412935670000000" />
<file name="box1.jpg" server="F:/Dreamweaver work/event/" local="131410365378710447" remote="131410365370000000" />
<file name="digikolorz_logo.png" server="F:/Dreamweaver work/event/" local="130670353900000000" remote="130670353900000000" />
<file name="box2.jpg" server="F:/Dreamweaver work/event/" local="131410380360993254" remote="131410380360000000" />
<file name="box3.jpg" server="F:/Dreamweaver work/event/" local="131410380944394874" remote="131410380940000000" />
<file name="box4.jpg" server="F:/Dreamweaver work/event/" local="131410381452162376" remote="131410381450000000" />
<file name="box5.jpg" server="F:/Dreamweaver work/event/" local="131410383041808099" remote="131410383040000000" />
<file name="box6.jpg" server="F:/Dreamweaver work/event/" local="131410383544961203" remote="131410383540000000" />
<file name="logo.png" server="F:/server/htdocs/semonia_events/" local="131418142560000000" remote="131418142560000000" />
<file name="1.jpg" server="F:/server/htdocs/semonia_events/" local="131412921280000000" remote="131412921280000000" />
<file name="2.jpg" server="F:/server/htdocs/semonia_events/" local="131412922460000000" remote="131412922460000000" />
<file name="3.jpg" server="F:/server/htdocs/semonia_events/" local="131412928820000000" remote="131412928820000000" />
<file name="4.jpg" server="F:/server/htdocs/semonia_events/" local="131412935680000000" remote="131412935680000000" />
<file name="box1.jpg" server="F:/server/htdocs/semonia_events/" local="131410365380000000" remote="131410365380000000" />
<file name="box2.jpg" server="F:/server/htdocs/semonia_events/" local="131410380380000000" remote="131410380380000000" />
<file name="box3.jpg" server="F:/server/htdocs/semonia_events/" local="131410380960000000" remote="131410380960000000" />
<file name="box4.jpg" server="F:/server/htdocs/semonia_events/" local="131410381460000000" remote="131410381460000000" />
<file name="digikolorz_logo.png" server="F:/server/htdocs/semonia_events/" local="130670353900000000" remote="130670353900000000" />
<file name="logo.png" server="D:/digikolorz/server/htdocs/semonia_events/" local="131418142560000000" remote="131418142560000000" />
<file name="1.jpg" server="D:/digikolorz/server/htdocs/semonia_events/" local="131412921280000000" remote="131412921280000000" />
<file name="2.jpg" server="D:/digikolorz/server/htdocs/semonia_events/" local="131412922460000000" remote="131412922460000000" />
<file name="3.jpg" server="D:/digikolorz/server/htdocs/semonia_events/" local="131412928820000000" remote="131412928820000000" />
<file name="4.jpg" server="D:/digikolorz/server/htdocs/semonia_events/" local="131412935680000000" remote="131412935680000000" />
<file name="box1.jpg" server="D:/digikolorz/server/htdocs/semonia_events/" local="131410365380000000" remote="131410365380000000" />
<file name="box2.jpg" server="D:/digikolorz/server/htdocs/semonia_events/" local="131410380380000000" remote="131410380380000000" />
<file name="box3.jpg" server="D:/digikolorz/server/htdocs/semonia_events/" local="131410380960000000" remote="131410380960000000" />
<file name="box4.jpg" server="D:/digikolorz/server/htdocs/semonia_events/" local="131410381460000000" remote="131410381460000000" />
<file name="digikolorz_logo.png" server="D:/digikolorz/server/htdocs/semonia_events/" local="130670353900000000" remote="130670353900000000" />
<file name="logo_b.png" server="D:/digikolorz/server/htdocs/semonia_events/" local="131419930360760088" remote="131419930360000000" />
<file name="logo_b.png" server="F:/server/htdocs/semonia_events/" local="131419930380000000" remote="131419930380000000" />
</dwsync>