<?xml version="1.0" encoding="utf-8" ?>
<dwsync>
<file name="modernizr.custom.js" server="F:/Dreamweaver work/event/" local="130540467440000000" remote="130540467440000000" />
<file name="r_menu.js" server="F:/Dreamweaver work/event/" local="131260952580000000" remote="131260952580000000" />
<file name="jquery.touch.js" server="F:/Dreamweaver work/event/" local="130618995020000000" remote="130618995020000000" />
<file name="slider.js" server="F:/Dreamweaver work/event/" local="131405301040000000" remote="131405301040000000" />
<file name="modernizr.custom.js" server="F:/server/htdocs/semonia_events/" local="130540467440000000" remote="130540467440000000" />
<file name="lightcase.js" server="F:/server/htdocs/semonia_events/" local="131415590080000000" remote="131415590080000000" />
<file name="jquery.events.touch.js" server="F:/server/htdocs/semonia_events/" local="131415590080000000" remote="131415590080000000" />
<file name="r_menu.js" server="F:/server/htdocs/semonia_events/" local="131260952580000000" remote="131260952580000000" />
<file name="jquery.touch.js" server="F:/server/htdocs/semonia_events/" local="130618995020000000" remote="130618995020000000" />
<file name="slider.js" server="F:/server/htdocs/semonia_events/" local="131405301040000000" remote="131405301040000000" />
<file name="modernizr.custom.js" server="D:/digikolorz/server/htdocs/semonia_events/" local="130540467440000000" remote="130540467440000000" />
<file name="lightcase.js" server="D:/digikolorz/server/htdocs/semonia_events/" local="131415590080000000" remote="131415590080000000" />
<file name="jquery.events.touch.js" server="D:/digikolorz/server/htdocs/semonia_events/" local="131415590080000000" remote="131415590080000000" />
<file name="r_menu.js" server="D:/digikolorz/server/htdocs/semonia_events/" local="131260952580000000" remote="131260952580000000" />
<file name="jquery.touch.js" server="D:/digikolorz/server/htdocs/semonia_events/" local="130618995020000000" remote="130618995020000000" />
<file name="slider.js" server="D:/digikolorz/server/htdocs/semonia_events/" local="131405301040000000" remote="131405301040000000" />
<file name="easy-responsive-tabs.js" server="F:/server/htdocs/semonia_events/" local="131426780495521182" remote="131426780490000000" />
</dwsync>