<?xml version="1.0" encoding="utf-8" ?>
<dwsync>
<file name="style.css" server="F:/Dreamweaver work/event/" local="131414645869274854" remote="131414645860000000" />
<file name="font-awesome.css" server="F:/Dreamweaver work/event/" local="130898163560000000" remote="130898163560000000" />
<file name="slider_a.css" server="F:/Dreamweaver work/event/" local="131412095420476041" remote="131412095420000000" />
<file name="slider_b.css" server="F:/Dreamweaver work/event/" local="131406872560000000" remote="131406872560000000" />
<file name="r_menu.css" server="F:/Dreamweaver work/event/" local="131412940603826928" remote="131412940600000000" />
<file name="style.css" server="F:/server/htdocs/semonia_events/" local="131426845600849585" remote="131426845600000000" />
<file name="font-awesome.css" server="F:/server/htdocs/semonia_events/" local="130898163560000000" remote="130898163560000000" />
<file name="slider_a.css" server="F:/server/htdocs/semonia_events/" local="131412095440000000" remote="131412095440000000" />
<file name="slider_b.css" server="F:/server/htdocs/semonia_events/" local="131406872560000000" remote="131406872560000000" />
<file name="r_menu.css" server="F:/server/htdocs/semonia_events/" local="131419858940000000" remote="131419858940000000" />
<file name="lightcase.css" server="F:/server/htdocs/semonia_events/" local="131415590080000000" remote="131415590080000000" />
<file name="style.css" server="D:/digikolorz/server/htdocs/semonia_events/" local="131420780077614901" remote="131420780070000000" />
<file name="font-awesome.css" server="D:/digikolorz/server/htdocs/semonia_events/" local="130898163560000000" remote="130898163560000000" />
<file name="slider_a.css" server="D:/digikolorz/server/htdocs/semonia_events/" local="131412095440000000" remote="131412095440000000" />
<file name="slider_b.css" server="D:/digikolorz/server/htdocs/semonia_events/" local="131406872560000000" remote="131406872560000000" />
<file name="r_menu.css" server="D:/digikolorz/server/htdocs/semonia_events/" local="131419858927624347" remote="131419858920000000" />
<file name="lightcase.css" server="D:/digikolorz/server/htdocs/semonia_events/" local="131415590080000000" remote="131415590080000000" />
<file name="normalize.css" server="F:/server/htdocs/semonia_events/" local="130177752000000000" remote="130177752000000000" />
<file name="easy-responsive-tabs.css" server="F:/server/htdocs/semonia_events/" local="131426812878739997" remote="131426812870000000" />
</dwsync>