<?xml version="1.0" encoding="utf-8" ?>
<dwsync>
<file name="logo.png" server="D:/digikolorz/server/htdocs/verace_by_veronica/" local="131389623521656359" remote="131389623520000000" />
<file name="circle_1.png" server="D:/digikolorz/server/htdocs/verace_by_veronica/" local="130665708320000000" remote="130665708320000000" />
<file name="circle_2.png" server="D:/digikolorz/server/htdocs/verace_by_veronica/" local="130669115320000000" remote="130669115320000000" />
<file name="circle_3.png" server="D:/digikolorz/server/htdocs/verace_by_veronica/" local="130669115620000000" remote="130669115620000000" />
<file name="circle_4.png" server="D:/digikolorz/server/htdocs/verace_by_veronica/" local="130669115960000000" remote="130669115960000000" />
<file name="around_world.jpg" server="D:/digikolorz/server/htdocs/verace_by_veronica/" local="130669251620000000" remote="130669251620000000" />
<file name="after_party.jpg" server="D:/digikolorz/server/htdocs/verace_by_veronica/" local="130669385400000000" remote="130669385400000000" />
<file name="angels.jpg" server="D:/digikolorz/server/htdocs/verace_by_veronica/" local="130669384840000000" remote="130669384840000000" />
<file name="awards.jpg" server="D:/digikolorz/server/htdocs/verace_by_veronica/" local="130669385660000000" remote="130669385660000000" />
<file name="next_gen.jpg" server="D:/digikolorz/server/htdocs/verace_by_veronica/" local="130669384540000000" remote="130669384540000000" />
<file name="p._V293117552_.jpg" server="D:/digikolorz/server/htdocs/verace_by_veronica/" local="131393995907760645" remote="131393995900000000" />
<file name="AT17012.png" server="D:/digikolorz/server/htdocs/verace_by_veronica/" local="131393996393397735" remote="131393996390000000" />
<file name="landscape-1458842346-basel-wearable-watches.jpg" server="D:/digikolorz/server/htdocs/verace_by_veronica/" local="131393995378946736" remote="131393995370000000" />
<file name="simple-tips-to-help-men-match-their-ties-with-shirts-652x400-1-1459344626.jpg" server="D:/digikolorz/server/htdocs/verace_by_veronica/" local="131394007521219724" remote="131394007520000000" />
<file name="digikolorz_logo.png" server="D:/digikolorz/server/htdocs/verace_by_veronica/" local="130670353900000000" remote="130670353900000000" />
</dwsync>