<?xml version="1.0" encoding="utf-8" ?>
<dwsync>
<file name="font-awesome.css" server="D:/digikolorz/server/htdocs/verace_by_veronica/" local="130898163560000000" remote="130898163560000000" />
<file name="stellarnav.css" server="D:/digikolorz/server/htdocs/verace_by_veronica/" local="131394895927220806" remote="131394895920000000" />
<file name="style.css" server="D:/digikolorz/server/htdocs/verace_by_veronica/" local="131395785199108236" remote="131395785190000000" />
<file name="grabbing.png" server="D:/digikolorz/server/htdocs/verace_by_veronica/" local="131298082210042420" remote="131298082210000000" />
<file name="AjaxLoader.gif" server="D:/digikolorz/server/htdocs/verace_by_veronica/" local="131298082301019625" remote="131298082300000000" />
<file name="owl.carousel.css" server="D:/digikolorz/server/htdocs/verace_by_veronica/" local="131367895715135243" remote="131367895710000000" />
<file name="owl.theme.css" server="D:/digikolorz/server/htdocs/verace_by_veronica/" local="131328647448541258" remote="131328647440000000" />
<file name="form.css" server="D:/digikolorz/server/htdocs/verace_by_veronica/" local="131394122970059592" remote="131394122970000000" />
</dwsync>